<?xml version="1.0" encoding="UTF-8"?>
<GenRun Id="synth_1" LaunchPart="xc7z020clg484-1" LaunchTime="1665467330">
  <File Type="PA-TCL" Name="Flip_Flop_D.tcl"/>
  <File Type="RDS-PROPCONSTRS" Name="Flip_Flop_D_drc_synth.rpt"/>
  <File Type="REPORTS-TCL" Name="Flip_Flop_D_reports.tcl"/>
  <File Type="RDS-RDS" Name="Flip_Flop_D.vds"/>
  <File Type="RDS-UTIL" Name="Flip_Flop_D_utilization_synth.rpt"/>
  <File Type="RDS-UTIL-PB" Name="Flip_Flop_D_utilization_synth.pb"/>
  <File Type="RDS-DCP" Name="Flip_Flop_D.dcp"/>
  <File Type="VDS-TIMINGSUMMARY" Name="Flip_Flop_D_timing_summary_synth.rpt"/>
  <File Type="VDS-TIMING-PB" Name="Flip_Flop_D_timing_summary_synth.pb"/>
  <FileSet Name="sources" Type="DesignSrcs" RelSrcDir="$PSRCDIR/sources_1">
    <Filter Type="Srcs"/>
    <File Path="$PSRCDIR/sources_1/new/Flip_Flop_D.vhd">
      <FileInfo>
        <Attr Name="UsedIn" Val="synthesis"/>
        <Attr Name="UsedIn" Val="simulation"/>
      </FileInfo>
    </File>
    <Config>
      <Option Name="DesignMode" Val="RTL"/>
      <Option Name="TopModule" Val="Flip_Flop_D"/>
      <Option Name="TopAutoSet" Val="TRUE"/>
    </Config>
  </FileSet>
  <FileSet Name="constrs_in" Type="Constrs" RelSrcDir="$PSRCDIR/constrs_1">
    <Filter Type="Constrs"/>
    <Config>
      <Option Name="ConstrsType" Val="XDC"/>
    </Config>
  </FileSet>
  <FileSet Name="utils" Type="Utils" RelSrcDir="$PSRCDIR/utils_1">
    <Filter Type="Utils"/>
    <Config>
      <Option Name="TopAutoSet" Val="TRUE"/>
    </Config>
  </FileSet>
  <Strategy Version="1" Minor="2">
    <StratHandle Name="Vivado Synthesis Defaults" Flow="Vivado Synthesis 2018"/>
    <Step Id="synth_design"/>
  </Strategy>
</GenRun>
